,american_flow,columbia_flow,american_flow_d,columbia_flow_d,american_flow_t,columbia_flow_t,american_flow_s,american_flow_r,columbia_flow_s,columbia_flow_r
1933-01-31,10.7887,24.1,-91.56755676133947,-72.49628991804431,102.35625676133948,96.5962899180443,-88.00662234354922,-3.56093441779025,-82.47777796319369,9.981488045149376
1933-02-28,14.6115,20.81,-87.76707396510974,-75.84438331867574,102.37857396510975,96.65438331867574,-57.34257169017661,-30.424502274933133,-83.62694279239656,7.7825594737208235
1933-03-31,19.6236,22.96,-82.77729116888,-73.75247671930717,102.40089116888,96.71247671930718,-12.40887460823259,-70.3684165606474,-81.47396476445657,7.7214880451494
1933-04-30,21.9739,37.66,-80.44930837265024,-59.110570119938615,102.42320837265024,96.77057011993861,18.194501045140022,-98.64380941779027,-65.90634387937372,6.795773759435107
1933-05-31,28.0054,118.93,-74.44012557642048,22.10133647942996,102.4455255764205,96.82866352057005,46.35554812708408,-120.79567370350456,30.712705577137704,-8.611369097707744
1933-06-30,66.0632,331.31,-36.404642780190756,234.42324307879852,102.46784278019075,96.88675692120148,65.97602378045664,-102.3806665606474,197.2485407479348,37.17470233086371
1933-07-31,113.4373,399.27,10.947140016038986,302.32514967816707,102.49015998396101,96.94485032183292,108.6433780052578,-97.69623798921882,204.42223306158914,97.90291661657793
1933-08-31,162.0007,250.89,59.48822281226873,153.88705627753563,102.51247718773126,97.00294372246435,117.9605643729162,-58.472341560647465,84.81628251810056,69.07077375943507
1933-09-30,156.6771,116.1,54.14230560849849,19.038962876904222,102.5347943915015,97.06103712309577,28.430704312003037,25.711601296495452,-5.775382311102314,24.814345188006534
1933-10-31,17.9246,69.38,-84.63251159527177,-27.739130523727212,102.55711159527176,97.11913052372721,-60.23751646319579,-24.394995132075977,-49.47168999744803,21.73255947372082
1933-11-30,7.0792,52.95,-95.50022879904202,-44.22722392435864,102.57942879904202,97.17722392435864,-79.59720509553746,-15.903023703504559,-69.59192625522232,25.36470233086368
1933-12-31,4.0493,40.21,-98.55244600281227,-57.02531732499008,102.60174600281228,97.23531732499008,-87.96792944216487,-10.584516560647401,-78.87573394156804,21.850416616577967
1934-01-31,11.5816,35.4,-91.04246320658254,-61.893410725621514,102.62406320658253,97.29341072562151,-88.00662234354922,-3.0358408630333145,-82.47777796319369,20.584367237572174
1934-02-28,18.5192,28.88,-84.12718041035279,-68.47150412625295,102.64638041035279,97.35150412625295,-57.34257169017661,-26.78460872017618,-83.62694279239656,15.15543866614361
1934-03-31,53.8586,33.41,-48.81009761412303,-63.999597526884386,102.66869761412303,97.40959752688438,-12.40887460823259,-36.401223005890444,-81.47396476445657,17.47436723757218
1934-04-30,75.8608,102.22,-26.830214817893292,4.752309072484195,102.69101481789329,97.4676909275158,18.194501045140022,-45.024715863033315,-65.90634387937372,70.65865295185792
1934-05-31,89.3963,259.67,-13.31703202166355,162.14421567185278,102.71333202166355,97.52578432814724,46.35554812708408,-59.67258014874763,30.712705577137704,131.43151009471507
1934-06-30,116.2973,390.77,13.561650774566203,293.1861222712213,102.7356492254338,97.5838777287787,65.97602378045664,-52.41437300589044,197.2485407479348,95.93758152328647
1934-07-31,87.4991,277.51,-15.258866429204062,179.86802887058988,102.75796642920406,97.64197112941011,108.6433780052578,-123.90224443446186,204.42223306158914,-24.554204190999258
1934-08-31,45.1371,194.82,-57.643183632974306,97.11993546995845,102.7802836329743,97.70006453004154,117.9605643729162,-175.6037480058905,84.81628251810056,12.303652951857885
1934-09-30,18.7174,97.98,-84.08520083674456,0.22184206932702466,102.80260083674456,97.75815793067298,28.430704312003037,-112.5159051487476,-5.775382311102314,5.997224380429339
1934-10-31,5.4368,49.84,-97.38811804051481,-47.97625133130441,102.82491804051482,97.81625133130441,-60.23751646319579,-37.15060157731902,-49.47168999744803,1.4954386661436203
1934-11-30,5.5501,40.78,-97.29713524428507,-57.09434473193585,102.84723524428507,97.87434473193585,-79.59720509553746,-17.69993014874761,-69.59192625522232,12.49758152328647
1934-12-31,4.1626,27.44,-98.70695244805533,-70.49243813256729,102.86955244805533,97.93243813256728,-87.96792944216487,-10.73902300589046,-78.87573394156804,8.383295809000757
1935-01-31,6.2014,22.65,-96.69046965182557,-75.34053153319871,102.89186965182557,97.99053153319872,-88.00662234354922,-8.683847308276341,-82.47777796319369,7.137246429994974
1935-02-28,33.244,27.61,-69.67018685559583,-70.43862493383014,102.91418685559583,98.04862493383014,-57.34257169017661,-12.327615165419218,-83.62694279239656,13.188317858566421
1935-03-31,33.0174,28.18,-69.91910405936608,-69.92671833446158,102.93650405936609,98.10671833446159,-12.40887460823259,-57.51022945113348,-81.47396476445657,11.547246429994985
1935-04-30,80.3066,34.55,-22.65222126313634,-63.614811735093014,102.95882126313634,98.16481173509301,18.194501045140022,-40.84672230827636,-65.90634387937372,2.2915321442807084
1935-05-31,74.1901,95.71,-28.7910384669066,-2.512905135724452,102.9811384669066,98.22290513572445,46.35554812708408,-75.14658659399068,30.712705577137704,-33.22561071286216
1935-06-30,96.0791,291.66,-6.92435567067686,193.37900146364416,103.00345567067686,98.28099853635587,65.97602378045664,-72.9003794511335,197.2485407479348,-3.869539284290653
1935-07-31,382.5606,339.8,279.5348271255529,241.4609080630127,103.02577287444711,98.3390919369873,108.6433780052578,170.8914491202951,204.42223306158914,37.03867500142357
1935-08-31,298.1764,208.13,195.12830992178266,109.73281466238124,103.04809007821734,98.39718533761875,117.9605643729162,77.16774554886646,84.81628251810056,24.91653214428068
1935-09-30,164.2944,103.07,61.22399271801238,4.614721261749807,103.07040728198761,98.45527873825019,28.430704312003037,32.793288406009346,-5.775382311102314,10.390103572852121
1935-10-31,28.5717,47.29,-74.52102448575786,-51.22337213888162,103.09272448575786,98.51337213888162,-60.23751646319579,-14.283508022562074,-49.47168999744803,-1.7516821414335908
1935-11-30,7.7305,30.3,-95.38454168952812,-68.27146553951306,103.11504168952813,98.57146553951306,-79.59720509553746,-15.78733659399066,-69.59192625522232,1.3204607157092596
1935-12-31,6.257999999999999,25.37,-96.87935889329837,-73.25955894014447,103.13735889329837,98.62955894014448,-87.96792944216487,-8.9114294511335,-78.87573394156804,5.616175001423571
1936-01-31,11.8081,23.47,-91.35157609706863,-75.21765234077591,103.15967609706863,98.68765234077591,-88.00662234354922,-3.3449537535194054,-82.47777796319369,7.260125622417775
1936-02-29,20.1899,21.24,-82.99209330083889,-77.50574574140735,103.18199330083888,98.74574574140735,-57.34257169017661,-25.649521610662276,-83.62694279239656,6.12119705098921
1936-03-31,21.4075,22.65,-81.79681050460914,-76.15383914203878,103.20431050460914,98.80383914203878,-12.40887460823259,-69.38793589637655,-81.47396476445657,5.320125622417791
1936-04-30,190.3175,41.63,87.0908722916206,-57.231932542670215,103.2266277083794,98.86193254267022,18.194501045140022,68.89637124648058,-65.90634387937372,8.674411336703507
1936-05-31,382.2775,136.2,279.02855508785035,37.279974056698336,103.24894491214962,98.92002594330165,46.35554812708408,232.67300696076626,30.712705577137704,6.5672684795606315
1936-06-30,197.2269,291.66,93.9556378840801,192.68188065606694,103.2712621159199,98.97811934393309,65.97602378045664,27.97961410362346,197.2485407479348,-4.566660091867874
1936-07-31,297.0438,233.33,193.75022068030984,134.2937872554355,103.29357931969014,99.03621274456452,108.6433780052578,85.10684267505204,204.42223306158914,-70.12844580615365
1936-08-31,263.7715,162.82,160.45560347653958,63.725693854804035,103.31589652346042,99.09430614519596,117.9605643729162,42.495039103623384,84.81628251810056,-21.09058866329653
1936-09-30,163.6714,77.59,60.33318627276934,-21.56239954582739,103.33821372723067,99.1523995458274,28.430704312003037,31.902481960766302,-5.775382311102314,-15.787017234725075
1936-10-31,38.6242,38.79,-64.73633093100091,-60.420492946458815,103.36053093100091,99.21049294645881,-60.23751646319579,-4.4988144678051185,-49.47168999744803,-10.948802949010783
1936-11-30,13.1107,22.68,-90.27214813477117,-76.58858634709026,103.38284813477117,99.26858634709026,-79.59720509553746,-10.67494303923371,-69.59192625522232,-6.996660091867938
1936-12-31,11.8931,22.26,-91.51206533854142,-77.06667974772168,103.40516533854142,99.32667974772168,-87.96792944216487,-3.5441358963765452,-78.87573394156804,1.8090541938463645
1937-01-31,13.8753,16.82,-89.55218254231168,-82.56477314835311,103.42748254231168,99.3847731483531,-88.00662234354922,-1.545560198762459,-82.47777796319369,-0.08699518515942373
1937-02-28,16.2822,16.99,-87.16759974608193,-82.45286654898456,103.44979974608194,99.44286654898455,-57.34257169017661,-29.82502805590532,-83.62694279239656,1.174076243412003
1937-03-31,19.5103,19.06,-83.96181694985219,-80.44095994961599,103.4721169498522,99.50095994961599,-12.40887460823259,-71.5529423416196,-81.47396476445657,1.0330048148405808
1937-04-30,25.5135,25.49,-77.98093415362243,-74.06905335024743,103.49443415362242,99.55905335024742,18.194501045140022,-96.17543519876244,-65.90634387937372,-8.162709470873708
1937-05-31,177.7449,81.27,74.22814864260731,-18.347146750878863,103.51675135739269,99.61714675087886,46.35554812708408,27.87260051552323,30.712705577137704,-49.05985232801657
1937-06-30,188.1372,218.04,84.59813143883706,118.3647598484897,103.53906856116295,99.6752401515103,65.97602378045664,18.622107658380415,197.2485407479348,-78.88378089944511
1937-07-31,241.3728,265.33,137.81141423506682,165.59666644785824,103.56138576493319,99.73333355214174,108.6433780052578,29.16803622980902,204.42223306158914,-38.8255666137309
1937-08-31,306.9547,165.09,203.37099703129655,65.29857304722685,103.58370296870345,99.79142695277315,117.9605643729162,85.41043265838036,84.81628251810056,-19.51770947087371
1937-09-30,103.3282,99.11,-0.27782017247371016,-0.7395203534045862,103.6060201724737,99.84952035340459,28.430704312003037,-28.708524484476747,-5.775382311102314,5.035861957697728
1937-10-31,24.7206,52.39,-78.90773737624396,-47.51761375403602,103.62833737624396,99.90761375403602,-60.23751646319579,-18.67022091304817,-49.47168999744803,1.9540762434120111
1937-11-30,8.9481,54.09,-94.70255458001422,-45.87570715466745,103.65065458001422,99.96570715466746,-79.59720509553746,-15.105349484476761,-69.59192625522232,23.716219100554866
1937-12-31,8.3252,31.43,-95.34777178378448,-68.59380055529888,103.67297178378448,100.02380055529889,-87.96792944216487,-7.379842341619607,-78.87573394156804,10.28193338626916
1938-01-31,15.7159,27.35,-87.97938898755473,-72.73189395593033,103.69528898755473,100.08189395593033,-88.00662234354922,0.027233355994496833,-82.47777796319369,9.745884007263356
1938-02-28,33.2157,24.49,-70.50190619132498,-75.64998735656177,103.71760619132498,100.13998735656176,-57.34257169017661,-13.159334501148365,-83.62694279239656,7.976955435834796
1938-03-31,203.5698,28.06,99.82987660490475,-72.1380807571932,103.73992339509523,100.1980807571932,-12.40887460823259,112.23875121313735,-81.47396476445657,9.335884007263374
1938-04-30,66.403,42.76,-37.35924059886548,-57.49617415782463,103.76224059886549,100.25617415782463,18.194501045140022,-55.553741644005505,-65.90634387937372,8.410169721549089
1938-05-31,281.2146,129.41,177.4300421973643,29.09573244154393,103.78455780263573,100.31426755845607,46.35554812708408,131.0744940702802,30.712705577137704,-1.6169731355937742
1938-06-30,372.6497,379.45,268.842824993594,279.0776390409125,103.80687500640602,100.37236095908747,65.97602378045664,202.86680121313734,197.2485407479348,81.8290982929777
1938-07-31,341.7844,339.8,237.95520778982376,239.3695456402811,103.82919221017625,100.43045435971891,108.6433780052578,129.31182978456596,204.42223306158914,34.947312578691964
1938-08-31,461.8478,148.38,357.99629058605353,47.89145223964964,103.85150941394647,100.48854776035036,117.9605643729162,240.03572621313734,84.81628251810056,-36.924830278450926
1938-09-30,278.8077,111.85,174.93387338228325,11.303358839018202,103.87382661771676,100.54664116098179,28.430704312003037,146.50316907028022,-5.775382311102314,17.078741150120514
1938-10-31,59.4937,54.65,-44.40244382148702,-45.95473456161323,103.89614382148702,100.60473456161323,-60.23751646319579,15.83507264170877,-49.47168999744803,3.5169554358348023
1938-11-30,16.2822,30.3,-87.63626102525727,-70.36282796224467,103.91846102525727,100.66282796224466,-79.59720509553746,-8.039055929719808,-69.59192625522232,-0.7709017070223467
1938-12-31,13.762,24.89,-90.17877822902753,-75.8309213628761,103.94077822902753,100.7209213628761,-87.96792944216487,-2.2108487868626554,-78.87573394156804,3.044812578691946
1939-01-31,19.3404,23.19,-84.62269543279777,-77.58901476350754,103.96309543279777,100.77901476350753,-88.00662234354922,3.3839269107514554,-82.47777796319369,4.888763199686153
1939-02-28,26.901,19.03,-77.08441263656803,-81.80710816413897,103.98541263656803,100.83710816413897,-57.34257169017661,-19.74184094639142,-83.62694279239656,1.8198346282575955
1939-03-31,28.0054,21.86,-76.00232984033829,-79.0352015647704,104.0077298403383,100.8952015647704,-12.40887460823259,-63.5934552321057,-81.47396476445657,2.4387631996861643
1939-04-30,30.6388,39.36,-73.39124704410854,-61.593294965401824,104.03004704410854,100.95329496540182,18.194501045140022,-91.58574808924857,-65.90634387937372,4.3130489139718975
1939-05-31,43.7779,156.31,-60.2744642478788,55.29861163396674,104.0523642478788,101.01138836603326,46.35554812708408,-106.63001237496287,30.712705577137704,24.58590605682904
1939-06-30,108.7367,220.02,4.662018548350957,118.95051823333532,104.07468145164904,101.0694817666647,65.97602378045664,-61.314005232105686,197.2485407479348,-78.2980225145995
1939-07-31,147.3326,286.0,43.235601344580715,184.87242483270387,104.0969986554193,101.12757516729613,108.6433780052578,-65.40777666067709,204.42223306158914,-19.54980822888527
1939-08-31,73.1424,203.88,-30.97691585918956,102.69433143207243,104.11931585918956,101.18566856792756,117.9605643729162,-148.93748023210577,84.81628251810056,17.878048913971867
1939-09-30,22.2004,90.33,-81.94123306295981,-10.913761968559001,104.14163306295981,101.243761968559,28.430704312003037,-110.37193737496284,-5.775382311102314,-5.138379657456687
1939-10-31,4.6723,66.26,-99.49165026673006,-35.04185536919043,104.16395026673007,101.30185536919043,-60.23751646319579,-39.25413380353427,-49.47168999744803,14.429834628257602
1939-11-30,3.0016,50.12,-101.18466747050032,-51.23994876982187,104.18626747050031,101.35994876982187,-79.59720509553746,-21.587462374962854,-69.59192625522232,18.351977485400447
1939-12-31,3.0582,34.83,-101.15038467427057,-66.5880421704533,104.20858467427057,101.4180421704533,-87.96792944216487,-13.182455232105696,-78.87573394156804,12.287691771114737
1940-01-31,12.9691,21.44,-91.26180187804083,-80.03613557108474,104.23090187804083,101.47613557108474,-88.00662234354922,-3.255179534491603,-82.47777796319369,2.441642392108946
1940-02-29,14.6115,22.68,-89.64171908181109,-78.85422897171617,104.2532190818111,101.53422897171617,-57.34257169017661,-32.29914739163448,-83.62694279239656,4.772713820680394
1940-03-31,19.5669,27.64,-84.70863628558133,-73.9523223723476,104.27553628558134,101.5923223723476,-12.40887460823259,-72.29976167734874,-81.47396476445657,7.521642392108973
1940-04-30,220.8148,35.11,116.5169465106484,-66.54041577297903,104.2978534893516,101.65041577297903,18.194501045140022,98.32244546550837,-65.90634387937372,-0.6340718936053094
1940-05-31,301.5745,137.62,197.25432930687816,35.91149082638954,104.32017069312184,101.70850917361047,46.35554812708408,150.89878117979407,30.712705577137704,5.198785249251834
1940-06-30,390.2062,268.16,285.8637121031079,166.3933974257581,104.34248789689212,101.76660257424192,65.97602378045664,219.88768832265126,197.2485407479348,-30.8551433221767
1940-07-31,295.9111,256.55,191.54629489933762,154.72530402512666,104.36480510066235,101.82469597487335,108.6433780052578,82.90291689407982,204.42223306158914,-49.69692903646248
1940-08-31,227.6675,168.77,123.28037769556738,66.88721062449524,104.38712230443261,101.88278937550477,117.9605643729162,5.319813322651186,84.81628251810056,-17.929071893605325
1940-09-30,91.5484,120.35,-12.861039508202865,18.409117223863788,104.40943950820287,101.9408827761362,28.430704312003037,-41.2917438202059,-5.775382311102314,24.1844995349661
1940-10-31,20.7846,66.26,-83.64715671197311,-35.738976176767636,104.43175671197311,101.99897617676764,-60.23751646319579,-23.409640248777322,-49.47168999744803,13.732713820680395
1940-11-30,10.9586,32.85,-93.49547391574336,-69.20706957739907,104.45407391574336,102.05706957739906,-79.59720509553746,-13.8982688202059,-69.59192625522232,0.38485667782325095
1940-12-31,11.6099,28.6,-92.86649111951363,-73.5151629780305,104.47639111951362,102.1151629780305,-87.96792944216487,-4.898561677348752,-78.87573394156804,5.3605709635375405
1941-01-31,11.9214,21.83,-92.57730832328387,-80.34325637866193,104.49870832328388,102.17325637866193,-88.00662234354922,-4.570685979734648,-82.47777796319369,2.134521584531754
1941-02-28,26.6462,18.35,-77.87482552705413,-83.88134977929337,104.52102552705412,102.23134977929337,-57.34257169017661,-20.532253836877516,-83.62694279239656,-0.25440698689681085
1941-03-31,121.7341,25.15,17.19075726917562,-77.1394431799248,104.54334273082438,102.2894431799248,-12.40887460823259,29.59963187740821,-81.47396476445657,4.334521584531771
1941-04-30,165.512,37.94,60.946340065405366,-64.40753658055624,104.56565993459463,102.34753658055624,18.194501045140022,42.75183902026534,-65.90634387937372,1.498807298817482
1941-05-31,247.2344,99.96,142.6464228616351,-2.445629981187679,104.58797713836489,102.40562998118767,46.35554812708408,96.29087473455102,30.712705577137704,-33.15833555832538
1941-06-30,212.4047,206.71,107.79440565786484,104.2462766181809,104.61029434213515,102.46372338181911,65.97602378045664,41.8183818774082,197.2485407479348,-93.00226412975391
1941-07-31,214.9532,217.19,110.3205884540946,114.66818321754945,104.6326115459054,102.52181678245054,108.6433780052578,1.677210448836803,204.42223306158914,-89.75404984403968
1941-08-31,323.6616,152.06,219.00667125032436,49.480089816918024,104.65492874967566,102.57991018308198,117.9605643729162,101.04610687740816,84.81628251810056,-35.33619270118254
1941-09-30,131.3619,74.47,26.684654046554087,-28.168003583713414,104.6772459534459,102.63800358371341,28.430704312003037,-1.7460502654489503,-5.775382311102314,-22.392621272611102
1941-10-31,37.3499,52.1,-67.34966315721616,-50.59609698434483,104.69956315721615,102.69609698434483,-60.23751646319579,-7.1121466940203675,-49.47168999744803,-1.1244069868968012
1941-11-30,12.9974,36.53,-91.72448036098642,-66.22419038497627,104.72188036098642,102.75419038497627,-79.59720509553746,-12.127275265448958,-69.59192625522232,3.367735870246051
1941-12-31,10.0242,31.15,-94.71999756475668,-71.66228378560771,104.74419756475669,102.81228378560772,-87.96792944216487,-6.752068122591808,-78.87573394156804,7.213450155960331
1942-01-31,13.4505,22.82,-91.31601476852693,-80.05037718623913,104.76651476852693,102.87037718623912,-88.00662234354922,-3.309392424977702,-82.47777796319369,2.4274007769545562
1942-02-28,30.4689,23.02,-74.31993197229717,-79.90847058687058,104.78883197229717,102.92847058687057,-57.34257169017661,-16.977360282120557,-83.62694279239656,3.718472205525984
1942-03-31,154.695,24.83,49.88385082393256,-78.15656398750201,104.81114917606743,102.98656398750201,-12.40887460823259,62.292725432165156,-81.47396476445657,3.317400776954557
1942-04-30,274.2487,33.98,169.4152336201623,-69.06465738813344,104.83346637983769,103.04465738813343,18.194501045140022,151.22073257502228,-65.90634387937372,-3.1583135087597185
1942-05-31,292.2299,118.65,187.37411641639204,15.547249211235126,104.85578358360794,103.10275078876488,46.35554812708408,141.01856828930795,30.712705577137704,-15.165456365902578
1942-06-30,140.31,258.53,35.4318992126218,155.36915581060367,104.8781007873782,103.1608441893963,65.97602378045664,-30.544124567834842,197.2485407479348,-41.87938493733114
1942-07-31,297.6101,319.98,192.70968200885153,216.76106240997228,104.90041799114846,103.21893759002774,108.6433780052578,84.06630400359373,204.42223306158914,12.338829348383143
1942-08-31,328.7586,209.83,223.83586480508131,106.55296900934084,104.92273519491869,103.27703099065917,117.9605643729162,105.87530043216512,84.81628251810056,21.736686491240278
1942-09-30,259.4673,89.76,154.52224760131105,-13.5751243912906,104.94505239868897,103.3351243912906,28.430704312003037,126.09154328930802,-5.775382311102314,-7.799742080188286
1942-10-31,68.0171,53.52,-36.950269602459215,-49.87321779192204,104.96736960245921,103.39321779192204,-60.23751646319579,23.287246860736573,-49.47168999744803,-0.4015277944740063
1942-11-30,15.3194,32.85,-89.67028680622947,-70.60131119255348,104.98968680622947,103.45131119255348,-79.59720509553746,-10.073081710692009,-69.59192625522232,-1.0093849373311627
1942-12-31,10.7038,26.67,-94.30820400999971,-76.83940459318491,105.01200400999971,103.50940459318491,-87.96792944216487,-6.34027456783484,-78.87573394156804,2.036329348383134
1943-01-31,10.1941,21.55,-94.84022121376996,-82.01749799381635,105.03432121376997,103.56749799381635,-88.00662234354922,-6.83359887022074,-82.47777796319369,0.46027996937733917
1943-02-28,77.4749,21.01,-27.581738417540222,-82.61559139444778,105.05663841754023,103.62559139444778,-57.34257169017661,29.76083327263639,-83.62694279239656,1.0113513979487863
1943-03-31,134.7033,26.19,29.62434437868953,-77.49368479507922,105.07895562131048,103.68368479507922,-12.40887460823259,42.03321898692212,-81.47396476445657,3.9802799693773494
1943-04-30,325.0774,65.13,219.97612717491927,-38.611778195710656,105.10127282508074,103.74177819571065,18.194501045140022,201.78162612977926,-65.90634387937372,27.294565683663066
1943-05-31,199.6904,88.35,94.56680997114901,-15.449871596342092,105.123590028851,103.79987159634209,46.35554812708408,48.211261844064936,30.712705577137704,-46.1625771734798
1943-06-30,435.5132,194.54,330.36729276737873,90.68203500302648,105.14590723262125,103.85796499697351,65.97602378045664,264.3912689869221,197.2485407479348,-106.56650574490833
1943-07-31,284.8675,334.14,179.69927556360852,230.22394160239503,105.16822443639148,103.91605839760496,108.6433780052578,71.05589755835072,204.42223306158914,25.80170854080589
1943-08-31,202.2106,215.77,97.02005835983825,111.79584820176363,105.19054164016175,103.97415179823638,117.9605643729162,-20.94050601307795,84.81628251810056,26.97956568366307
1943-09-30,122.8102,80.14,17.597341156067984,-23.892245198867812,105.21285884393201,104.03224519886781,28.430704312003037,-10.833363155935054,-5.775382311102314,-18.1168628877655
1943-10-31,36.0473,51.54,-69.18787604770228,-52.55033859949925,105.23517604770228,104.09033859949925,-60.23751646319579,-8.950359584506486,-49.47168999744803,-3.078648602051217
1943-11-30,9.9109,29.45,-95.34659325147251,-74.69843200013068,105.25749325147251,104.14843200013068,-79.59720509553746,-15.749388155935051,-69.59192625522232,-5.106505744908361
1943-12-31,7.0226,23.33,-98.25721045524277,-80.87652540076212,105.27981045524277,104.20652540076212,-87.96792944216487,-10.289281013077897,-78.87573394156804,-2.000791459194076
1944-01-31,12.0913,20.1,-93.21082765901302,-84.16461880139354,105.30212765901302,104.26461880139354,-88.00662234354922,-5.2042053154637955,-82.47777796319369,-1.6868408381998563
1944-02-29,17.3865,19.43,-87.93794486278328,-84.892712202025,105.32444486278328,104.322712202025,-57.34257169017661,-30.59537317260667,-83.62694279239656,-1.265769409628433
1944-03-31,22.0871,20.08,-83.25966206655355,-84.30080560265641,105.34676206655354,104.38080560265641,-12.40887460823259,-70.85078745832095,-81.47396476445657,-2.8268408381998427
1944-04-30,35.3111,27.33,-70.05797927032378,-77.10889900328785,105.3690792703238,104.43889900328784,18.194501045140022,-88.2524803154638,-65.90634387937372,-11.202555123914124
1944-05-31,79.1739,87.5,-26.217496474094034,-16.99699240391928,105.39139647409404,104.49699240391928,46.35554812708408,-72.57304460117811,30.712705577137704,-47.70969798105698
1944-06-30,115.023,220.31,9.609286322135702,115.75491419544929,105.4137136778643,104.55508580455071,65.97602378045664,-56.36673745832094,197.2485407479348,-81.49362655248552
1944-07-31,108.1421,172.17,2.7060691183654484,67.55682079481784,105.43603088163455,104.61317920518215,108.6433780052578,-105.93730888689235,204.42223306158914,-136.8654122667713
1944-08-31,212.2914,156.03,106.8330519145952,51.35872739418642,105.45834808540481,104.67127260581358,117.9605643729162,-11.127512458320993,84.81628251810056,-33.45755512391415
1944-09-30,88.2636,91.75,-17.217065289175054,-12.97936600644502,105.48066528917505,104.72936600644502,28.430704312003037,-45.64776960117809,-5.775382311102314,-7.203983695342705
1944-10-31,17.8962,53.52,-87.60678249294531,-51.26745940707645,105.5029824929453,104.78745940707645,-60.23751646319579,-27.369266029749525,-49.47168999744803,-1.79576940962842
1944-11-30,6.0881,34.55,-99.43719969671557,-70.29555280770789,105.52529969671556,104.84555280770789,-79.59720509553746,-19.839994601178105,-69.59192625522232,-0.7036265524855736
1944-12-31,6.343,19.91,-99.20461690048582,-84.99364620833933,105.54761690048582,104.90364620833932,-87.96792944216487,-11.236687458320944,-78.87573394156804,-6.117912266771285
1945-01-31,12.6859,17.05,-92.88403410425607,-87.91173960897076,105.56993410425608,104.96173960897076,-88.00662234354922,-4.877411760706849,-82.47777796319369,-5.4339616457770745
1945-02-28,61.6741,17.02,-43.91815130802633,-87.99983300960218,105.59225130802633,105.01983300960218,-57.34257169017661,13.42442038215028,-83.62694279239656,-4.372890217205622
1945-03-31,65.6101,16.88,-40.004468511796574,-88.19792641023362,105.61456851179658,105.07792641023362,-12.40887460823259,-27.595593903563984,-81.47396476445657,-6.723961645777052
1945-04-30,51.3384,22.14,-54.298485715566834,-82.99601981086505,105.63688571556683,105.13601981086505,18.194501045140022,-72.49298676070686,-65.90634387937372,-17.08967593149133
1945-05-31,288.8319,66.83,183.17269708066294,-38.36411321149649,105.65920291933708,105.19411321149649,46.35554812708408,136.81714895357885,30.712705577137704,-69.0768187886342
1945-06-30,119.3272,210.96,13.645679876892657,105.70779338787209,105.68152012310735,105.25220661212792,65.97602378045664,-52.330343903563985,197.2485407479348,-91.54074736006272
1945-07-31,194.3952,242.96,88.69136267312238,137.64969998724064,105.7038373268776,105.31030001275937,108.6433780052578,-19.952015332135417,204.42223306158914,-66.7725330743485
1945-08-31,253.1526,150.08,147.42644546935216,44.71160658660922,105.72615453064785,105.36839341339079,117.9605643729162,29.465881096435965,84.81628251810056,-40.10467593149134
1945-09-30,129.493,74.47,23.74452826558189,-30.956486814022227,105.7484717344181,105.42648681402223,28.430704312003037,-4.686176046421146,-5.775382311102314,-25.181104502919915
1945-10-31,29.7893,41.34,-75.98148893818836,-64.14458021465366,105.77078893818836,105.48458021465366,-60.23751646319579,-15.743972474992574,-49.47168999744803,-14.672890217205627
1945-11-30,7.6455,30.3,-98.14760614195862,-75.24267361528509,105.79310614195862,105.54267361528508,-79.59720509553746,-18.550401046421158,-69.59192625522232,-5.650747360062766
1945-12-31,7.5889,18.32,-98.22652334572888,-87.28076701591652,105.81542334572887,105.60076701591652,-87.96792944216487,-10.258593903564005,-78.87573394156804,-8.40503307434848
1946-01-31,18.7741,14.19,-87.06364054949911,-91.46886041654795,105.83774054949912,105.65886041654795,-88.00662234354922,0.9429817940501124,-82.47777796319369,-8.991082453354267
1946-02-28,72.8876,16.48,-32.97245775326937,-89.23695381717938,105.86005775326937,105.71695381717939,-57.34257169017661,24.370113936907245,-83.62694279239656,-5.610011024782821
1946-03-31,248.9617,24.95,143.07932504296036,-80.82504721781082,105.88237495703964,105.77504721781082,-12.40887460823259,155.48819965119296,-81.47396476445657,0.6489175466457482
1946-04-30,141.0462,33.7,35.14150783919011,-72.13314061844225,105.90469216080989,105.83314061844226,18.194501045140022,16.94700679405009,-65.90634387937372,-6.226796739068533
1946-05-31,77.1068,164.52,-28.820209364580137,58.62876598092632,105.92700936458014,105.89123401907369,46.35554812708408,-75.17575749166421,30.712705577137704,27.916060403788613
1946-06-30,157.8381,334.14,51.88877343164961,228.19067258029486,105.94932656835039,105.94932741970513,65.97602378045664,-14.087250348807032,197.2485407479348,30.942131832360047
1946-07-31,242.2223,308.65,136.25065622787935,202.64257917966341,105.97164377212064,106.00742082033656,108.6433780052578,27.607278222621545,204.42223306158914,-1.779653881925725
1946-08-31,246.1301,189.72,140.1361390241091,83.654485779032,105.9939609758909,106.065514220968,117.9605643729162,22.175574651192903,84.81628251810056,-1.1617967390685635
1946-09-30,91.8315,114.12,-14.184778179661151,7.9963923784005715,106.01627817966116,106.12360762159943,28.430704312003037,-42.61548249166419,-5.775382311102314,13.771774689502886
1946-10-31,21.3226,50.69,-84.71599538343142,-55.491701022230856,106.03859538343141,106.18170102223085,-60.23751646319579,-24.47847892023563,-49.47168999744803,-6.020011024782825
1946-11-30,8.2119,30.02,-97.84901258720167,-76.2197944228623,106.06091258720167,106.23979442286229,-79.59720509553746,-18.25180749166421,-69.59192625522232,-6.627868167639974
1946-12-31,10.6471,24.55,-95.43612979097192,-81.74788782349373,106.08322979097191,106.29788782349372,-87.96792944216487,-7.468200348807045,-78.87573394156804,-2.8721538819256835
1947-01-31,15.7725,24.44,-90.33304699474218,-81.91598122412516,106.10554699474218,106.35598122412516,-88.00662234354922,-2.3264246511929514,-82.47777796319369,0.5617967390685266
1947-02-28,47.3458,24.27,-58.78206419851243,-82.1440746247566,106.12786419851243,106.4140746247566,-57.34257169017661,-1.4394925083358174,-83.62694279239656,1.482868167639964
1947-03-31,47.2891,28.6,-58.861081402282686,-77.87216802538802,106.15018140228268,106.47216802538802,-12.40887460823259,-46.4522067940501,-81.47396476445657,3.601796739068547
1947-04-30,29.8743,51.25,-76.29819860605294,-55.280261426019464,106.17249860605294,106.53026142601946,18.194501045140022,-94.49269965119296,-65.90634387937372,10.626082453354257
1947-05-31,88.6317,188.87,-17.563115809823188,82.2816451733491,106.19481580982318,106.5883548266509,46.35554812708408,-63.918663936907265,30.712705577137704,51.5689395962114
1947-06-30,135.751,325.64,29.533866986406565,218.99355177271764,106.21713301359344,106.64644822728235,65.97602378045664,-36.44215679405008,197.2485407479348,21.745011024782826
1947-07-31,135.3545,311.49,29.115049782636305,204.78545837208625,106.2394502173637,106.70454162791376,108.6433780052578,-79.5283282226215,204.42223306158914,0.36322531049711415
1947-08-31,111.4551,167.92,5.193332578866048,61.1573649714548,106.26176742113395,106.76263502854519,117.9605643729162,-112.76723179405015,84.81628251810056,-23.658917546645768
1947-09-30,41.1161,97.98,-65.16798462490421,-8.840728429176622,106.28408462490421,106.82072842917663,28.430704312003037,-93.59868893690725,-5.775382311102314,-3.0653461180743076
1947-10-31,7.7022,78.15,-98.60420182867445,-28.728821829808055,106.30640182867445,106.87882182980806,-60.23751646319579,-38.36668536547866,-49.47168999744803,20.742868167639976
1947-11-30,5.0687,43.89,-101.26001903244472,-63.046915230439495,106.32871903244472,106.9369152304395,-79.59720509553746,-21.662813936907256,-69.59192625522232,6.5450110247828235
1947-12-31,4.2192,29.45,-102.13183623621497,-77.54500863107093,106.35103623621497,106.99500863107093,-87.96792944216487,-14.163906794050092,-78.87573394156804,1.3307253104971153
1948-01-31,22.8234,25.94,-83.54995343998522,-81.11310203170237,106.37335343998521,107.05310203170237,-88.00662234354922,4.456668903564008,-82.47777796319369,1.3646759314913197
1948-02-29,25.117,25.54,-81.27867064375548,-81.57119543233381,106.39567064375548,107.1111954323338,-57.34257169017661,-23.936098953578863,-83.62694279239656,2.055747360062753
1948-03-31,18.8307,23.59,-87.58728784752572,-83.57928883296523,106.41798784752572,107.16928883296524,-12.40887460823259,-75.17841323929312,-81.47396476445657,-2.105324068508665
1948-04-30,81.86399999999998,35.68,-24.576305051296004,-71.54738223359666,106.44030505129598,107.22738223359667,18.194501045140022,-42.770806096436026,-65.90634387937372,-5.6410383542229425
1948-05-31,41.5691,144.7,-64.89352225506624,37.41452436577188,106.46262225506624,107.2854756342281,46.35554812708408,-111.24907038215032,30.712705577137704,6.701818788634178
1948-06-30,72.8309,455.9,-33.65403945883649,348.55643096514046,106.4849394588365,107.34356903485951,65.97602378045664,-99.63006323929314,197.2485407479348,151.30789021720565
1948-07-31,248.452,274.67,141.94474333739325,167.26833756450907,106.50725666260675,107.40166243549095,108.6433780052578,33.30136533213545,204.42223306158914,-37.15389549708007
1948-08-31,287.6992,180.38,181.169626133623,72.9202441638776,106.529573866377,107.4597558361224,117.9605643729162,63.20906176070682,84.81628251810056,-11.896038354222966
1948-09-30,209.0067,92.6,102.45480892985275,-14.917849236753838,106.55189107014725,107.51784923675383,28.430704312003037,74.0241046178497,-5.775382311102314,-9.142466925651524
1948-10-31,36.7553,44.46,-69.81890827391751,-63.11594263738527,106.57420827391752,107.57594263738527,-60.23751646319579,-9.581391810721726,-49.47168999744803,-13.644252639937235
1948-11-30,8.7216,30.02,-97.87492547768777,-77.6140360380167,106.59652547768776,107.6340360380167,-79.59720509553746,-18.277720382150306,-69.59192625522232,-8.022109782794388
1948-12-31,6.796,24.44,-99.82284268145801,-83.25212943864814,106.61884268145802,107.69212943864814,-87.96792944216487,-11.85491323929314,-78.87573394156804,-4.376395497080097
1949-01-31,12.9125,20.73,-93.72865988522828,-87.02022283927957,106.64115988522828,107.75022283927957,-88.00662234354922,-5.722037541679057,-82.47777796319369,-4.542444876085881
1949-02-28,23.8145,17.84,-82.84897708899852,-89.968316239911,106.66347708899852,107.80831623991101,-57.34257169017661,-25.50640539882191,-83.62694279239656,-6.341373447514442
1949-03-31,33.6687,20.64,-73.01709429276877,-87.22640964054243,106.68579429276878,107.86640964054243,-12.40887460823259,-60.60821968453618,-81.47396476445657,-5.75244487608586
1949-04-30,30.6955,35.68,-76.01261149653904,-72.24450304117386,106.70811149653903,107.92450304117386,18.194501045140022,-94.20711254167907,-65.90634387937372,-6.338159161800135
1949-05-31,51.6216,152.63,-55.10882870030929,44.647403558194696,106.73042870030929,107.9825964418053,46.35554812708408,-101.46437682739337,30.712705577137704,13.934697981056992
1949-06-30,167.5508,223.42,60.79805409592046,115.37931015756325,106.75274590407955,108.04068984243673,65.97602378045664,-5.17796968453618,197.2485407479348,-81.86923059037156
1949-07-31,241.2879,163.67,134.5128368921502,55.57121675693182,106.7750631078498,108.09878324306817,108.6433780052578,25.869458886892403,204.42223306158914,-148.85101630465732
1949-08-31,238.3146,133.94,131.51721968837995,25.783123356300393,106.79738031162006,108.1568766436996,117.9605643729162,13.556655315463757,84.81628251810056,-59.03315916180017
1949-09-30,73.5955,73.62,-33.2241975153903,-34.594970044331035,106.8196975153903,108.21497004433104,28.430704312003037,-61.65490182739334,-5.775382311102314,-28.819587733228722
1949-10-31,10.5056,39.64,-96.33641471916056,-68.63306344496247,106.84201471916056,108.27306344496247,-60.23751646319579,-36.09889825596477,-49.47168999744803,-19.161373447514443
1949-11-30,5.2103,30.3,-101.65403192293081,-78.03115684559391,106.86433192293082,108.33115684559391,-79.59720509553746,-22.05682682739335,-69.59192625522232,-8.439230590371594
1949-12-31,4.6723,20.84,-102.21434912670108,-87.54925024622534,106.88664912670109,108.38925024622534,-87.96792944216487,-14.246419684536207,-78.87573394156804,-8.673516304657298
1950-01-31,6.9943,15.72,-99.91466633047132,-92.72734364685678,106.90896633047132,108.44734364685678,-88.00662234354922,-11.908043986922095,-82.47777796319369,-10.249565683663093
1950-02-28,16.7353,18.21,-90.19598353424158,-90.2954370474882,106.93128353424157,108.50543704748821,-57.34257169017661,-32.853411844064965,-83.62694279239656,-6.668494255091645
1950-03-31,17.8113,23.64,-89.14230073801183,-84.92353044811964,106.95360073801183,108.56353044811964,-12.40887460823259,-76.73342612977923,-81.47396476445657,-3.4495656836630673
1950-04-30,145.8035,29.17,38.82758205821793,-79.45162384875107,106.97591794178209,108.62162384875107,18.194501045140022,20.633081013077906,-65.90634387937372,-13.545279969377347
1950-05-31,177.7732,70.79,70.77496485444766,-37.8897172493825,106.99823514555234,108.6797172493825,46.35554812708408,24.419416727363583,30.712705577137704,-68.60242282652021
1950-06-30,159.5655,297.33,52.5449476506774,188.59218934998603,107.02055234932259,108.73781065001396,65.97602378045664,-13.431076129779242,197.2485407479348,-8.656351397948782
1950-07-31,278.9776,416.26,171.93473044690717,307.4640959493546,107.04286955309283,108.79590405064539,108.6433780052578,63.291352441649366,204.42223306158914,103.04186288776546
1950-08-31,270.9639,218.32,163.8987132431369,109.46600254872318,107.06518675686311,108.85399745127681,117.9605643729162,45.938148870220715,84.81628251810056,24.649720030622618
1950-09-30,151.665,123.74,44.577496039366636,14.827909148091749,107.08750396063336,108.91209085190825,28.430704312003037,16.1467917273636,-5.775382311102314,20.60329145919406
1950-10-31,33.8103,53.52,-73.29952116440361,-55.45018425253968,107.10982116440361,108.97018425253968,-60.23751646319579,-13.062004701207826,-49.47168999744803,-5.978494255091647
1950-11-30,7.9287,32.56,-99.20343836817385,-76.4682776531711,107.13213836817386,109.0282776531711,-79.59720509553746,-19.606233272636388,-69.59192625522232,-6.876351397948781
1950-12-31,9.5994,29.17,-97.55505557194411,-79.91637105380254,107.15445557194411,109.08637105380254,-87.96792944216487,-9.587126129779236,-78.87573394156804,-1.0406371122344922
1951-01-31,26.1081,25.63,-81.06867277571436,-83.51446445443398,107.17677277571437,109.14446445443397,-88.00662234354922,6.937949567834863,-82.47777796319369,-1.0366864912402889
1951-02-28,465.8122,25.6,358.61311002051536,-83.60255785506541,107.19908997948465,109.20255785506541,-57.34257169017661,415.955681710692,-83.62694279239656,0.024384937331149104
1951-03-31,491.5805,26.5,384.3590928167451,-82.76065125569684,107.22140718325488,109.26065125569684,-12.40887460823259,396.76796742497766,-81.47396476445657,-1.2866864912402747
1951-04-30,273.73900000000003,50.4,166.4952756129749,-58.91874465632828,107.24372438702514,109.31874465632828,18.194501045140022,148.30077456783488,-65.90634387937372,6.987599223045443
1951-05-31,221.4095,198.78,114.14345840920463,89.40316194304029,107.26604159079538,109.37683805695971,46.35554812708408,67.78791028212055,30.712705577137704,58.690456365902584
1951-06-30,199.3223,288.83,92.03394120543437,179.39506854240884,107.28835879456564,109.43493145759115,65.97602378045664,26.05791742497773,197.2485407479348,-17.853472205525975
1951-07-31,202.2106,404.93,94.8999240016641,295.43697514177745,107.3106759983359,109.49302485822255,108.6433780052578,-13.743454003593698,204.42223306158914,91.01474208018831
1951-08-31,210.4225,242.96,103.08950679789386,133.408881741146,107.33299320210615,109.55111825885402,117.9605643729162,-14.871057575022334,84.81628251810056,48.592599223045426
1951-09-30,71.047,105.34,-36.30831040587641,-4.26921165948545,107.35531040587641,109.60921165948545,28.430704312003037,-64.73901471787946,-5.775382311102314,1.5061706516168645
1951-10-31,17.6414,73.91,-89.73622760964665,-35.75730506011688,107.37762760964665,109.66730506011687,-60.23751646319579,-29.49871114645086,-49.47168999744803,13.714384937331154
1951-11-30,8.3252,43.32,-99.07474481341691,-66.4053984607483,107.39994481341691,109.7253984607483,-79.59720509553746,-19.477539717879452,-69.59192625522232,3.186527794474017
1951-12-31,7.7022,31.15,-99.72006201718716,-78.63349186137975,107.42226201718717,109.78349186137976,-87.96792944216487,-11.752132575022287,-78.87573394156804,0.24224208018829074
1952-01-31,19.4254,25.8,-88.01917922095743,-84.04158526201118,107.44457922095742,109.84158526201118,-88.00662234354922,-0.012556877408201217,-82.47777796319369,-1.563807298817494
1952-02-29,53.8303,23.87,-53.63659642472768,-86.02967866264261,107.46689642472768,109.89967866264261,-57.34257169017661,3.7059752654489344,-83.62694279239656,-2.4027358702460475
1952-03-31,153.9587,24.3,46.46948637150207,-85.65777206327405,107.48921362849792,109.95777206327405,-12.40887460823259,58.878360979734666,-81.47396476445657,-4.183807298817484
1952-04-30,256.0126,46.16,148.50106916773183,-63.85586546390549,107.51153083226819,110.01586546390548,18.194501045140022,130.3065681225918,-65.90634387937372,2.050478415468234
1952-05-31,275.4097,157.44,167.87585196396157,47.36604113546308,107.53384803603842,110.07395886453692,46.35554812708408,121.52030383687749,30.712705577137704,16.653335558325374
1952-06-30,231.1221,286.0,123.5659347601913,175.86794773483166,107.55616523980869,110.13205226516834,65.97602378045664,57.589910979734654,197.2485407479348,-21.38059301310315
1952-07-31,389.3567,279.77,281.77821755642105,169.5798543342002,107.57848244357893,110.19014566579978,108.6433780052578,173.13483955116325,204.42223306158914,-34.84237872738893
1952-08-31,515.3667,186.61,407.7659003526509,76.3617609335688,107.60079964734916,110.24823906643121,117.9605643729162,289.80533597973465,84.81628251810056,-8.454521584531761
1952-09-30,314.317,86.65,206.69388314888056,-23.65633246706264,107.62311685111945,110.30633246706265,28.430704312003037,178.26317883687753,-5.775382311102314,-17.880950155960328
1952-10-31,109.8127,52.39,2.1672659451103016,-57.97442586769408,107.6454340548897,110.36442586769408,-60.23751646319579,62.40478240830609,-49.47168999744803,-8.502735870246049
1952-11-30,26.0232,27.21,-81.64455125865996,-83.21251926832551,107.66775125865996,110.42251926832552,-79.59720509553746,-2.047346163122498,-69.59192625522232,-13.62059301310319
1952-12-31,14.8947,23.84,-92.79536846243022,-86.64061266895695,107.69006846243022,110.48061266895695,-87.96792944216487,-4.827439020265345,-78.87573394156804,-7.764878727388904
1953-01-31,12.9691,24.61,-94.74328566620048,-85.92870606958839,107.71238566620048,110.53870606958839,-88.00662234354922,-6.736663322651253,-82.47777796319369,-3.4509281063946986
1953-02-28,15.7159,24.47,-92.01880286997071,-86.12679947021982,107.73470286997072,110.59679947021982,-57.34257169017661,-34.6762311797941,-83.62694279239656,-2.49985667782326
1953-03-31,55.2745,24.13,-52.48252007374097,-86.52489287085126,107.75702007374097,110.65489287085126,-12.40887460823259,-40.07364546550838,-81.47396476445657,-5.050928106394693
1953-04-30,216.2841,25.51,108.50476272248876,-85.20298627148269,107.77933727751123,110.71298627148269,18.194501045140022,90.31026167734873,-65.90634387937372,-19.296642392108964
1953-05-31,80.0801,103.64,-27.721554481281487,-7.131079672114126,107.80165448128149,110.77107967211413,46.35554812708408,-74.07710260836556,30.712705577137704,-37.84378524925183
1953-06-30,106.8112,291.66,-1.0127716850517459,180.83082692725446,107.82397168505175,110.82917307274556,65.97602378045664,-66.98879546550839,197.2485407479348,-16.417713820680348
1953-07-31,222.4572,331.31,114.61091111117801,220.422733526623,107.84628888882199,110.887266473377,108.6433780052578,5.967533105920211,204.42223306158914,16.000500465033866
1953-08-31,225.2889,195.67,117.42029390740777,84.72464012599157,107.86860609259224,110.94535987400842,117.9605643729162,-0.5402704655084278,84.81628251810056,-0.09164239210899439
1953-09-30,237.9182,92.31,130.0272767036375,-18.69345327463985,107.8909232963625,111.00345327463985,28.430704312003037,101.59657239163448,-5.775382311102314,-12.918070963537536
1953-10-31,72.9442,55.5,-34.96904050013276,-55.56154667527129,107.91324050013276,111.06154667527129,-60.23751646319579,25.268475963063025,-49.47168999744803,-6.089856677823256
1953-11-30,12.6576,39.93,-95.27795770390301,-71.18964007590273,107.93555770390302,111.11964007590274,-79.59720509553746,-15.680752608365552,-69.59192625522232,-1.5977138206804113
1953-12-31,11.44,26.11,-96.51787490767326,-85.06773347653416,107.95787490767326,111.17773347653416,-87.96792944216487,-8.549945465508387,-78.87573394156804,-6.191999534966115
1954-01-31,15.8291,25.23,-92.15109211144352,-86.00582687716559,107.98019211144351,111.2358268771656,-88.00662234354922,-4.144469767894293,-82.47777796319369,-3.528048913971901
1954-02-28,30.0442,24.72,-77.95830931521377,-86.57392027779701,108.00250931521377,111.29392027779701,-57.34257169017661,-20.615737625037156,-83.62694279239656,-2.9469774854004527
1954-03-31,39.8701,25.34,-68.15472651898403,-86.01201367842845,108.02482651898404,111.35201367842845,-12.40887460823259,-55.74585191075144,-81.47396476445657,-4.538048913971878
1954-04-30,64.704,30.87,-43.34314372275429,-80.54010707905988,108.04714372275429,111.41010707905988,18.194501045140022,-61.537644767894314,-65.90634387937372,-14.633763199686157
1954-05-31,112.2763,146.4,4.206839073475479,34.93179952030869,108.06946092652453,111.46820047969132,46.35554812708408,-42.1487090536086,30.712705577137704,4.219093943170982
1954-06-30,207.9023,351.13,99.81052186970521,239.60370611967724,108.09177813029478,111.52629388032275,65.97602378045664,33.83449808924857,197.2485407479348,42.35516537174243
1954-07-31,260.1186,506.87,152.00450466593497,395.28561271904584,108.11409533406504,111.58438728095416,108.6433780052578,43.36112666067717,204.42223306158914,190.8633796574567
1954-08-31,165.0306,288.83,56.894187462164695,177.18751931841436,108.1364125378353,111.64248068158562,117.9605643729162,-61.0663769107515,84.81628251810056,92.3712368003138
1954-09-30,49.2996,167.35,-58.85912974160556,55.649425917782935,108.15872974160555,111.70057408221706,28.430704312003037,-87.28983405360859,-5.775382311102314,61.42480822888525
1954-10-31,12.601,68.24,-95.58004694537581,-43.5186674828485,108.18104694537581,111.7586674828485,-60.23751646319579,-35.342530482180024,-49.47168999744803,5.953022514599532
1954-11-30,6.881,50.12,-101.32236414914605,-61.69676088347993,108.20336414914605,111.81676088347993,-79.59720509553746,-21.725159053608593,-69.59192625522232,7.895165371742387
1954-12-31,9.8543,36.53,-98.37138135291632,-75.34485428411136,108.22568135291631,111.87485428411136,-87.96792944216487,-10.403451910751443,-78.87573394156804,3.53087965745668
1955-01-31,12.2329,24.52,-96.01509855668657,-87.4129476847428,108.24799855668657,111.9329476847428,-88.00662234354922,-8.008476213137342,-82.47777796319369,-4.935169721549116
1955-02-28,22.0588,24.07,-86.21151576045682,-87.92104108537421,108.27031576045682,111.9910410853742,-57.34257169017661,-28.868944070280207,-83.62694279239656,-4.294098292977651
1955-03-31,60.8529,20.05,-47.43973296422708,-91.99913448600566,108.29263296422708,112.04913448600566,-12.40887460823259,-35.030858355994496,-81.47396476445657,-10.52516972154909
1955-04-30,75.5777,33.41,-32.73725016799733,-78.6972278866371,108.31495016799732,112.10722788663709,18.194501045140022,-50.93175121313735,-65.90634387937372,-12.790884007263372
1955-05-31,51.8482,67.68,-56.48906737176758,-44.48532128726852,108.33726737176758,112.16532128726853,46.35554812708408,-102.84461549885165,30.712705577137704,-75.19802686440622
1955-06-30,46.8361,294.5,-61.523484575537836,182.27658531210005,108.35958457553784,112.22341468789995,65.97602378045664,-127.49950835599448,197.2485407479348,-14.971955435834758
1955-07-31,31.4317,396.44,-76.95020177930809,284.1584919114686,108.3819017793081,112.28150808853138,108.6433780052578,-185.5935797845659,204.42223306158914,79.73625884987948
1955-08-31,119.9502,213.51,11.545981016921644,101.17039851083716,108.40421898307835,112.33960148916283,117.9605643729162,-106.41458335599455,84.81628251810056,16.354115992736595
1955-09-30,106.6696,105.62,-1.7569361868486055,-6.777694889794262,108.42653618684861,112.39769488979427,28.430704312003037,-30.187640498851643,-5.775382311102314,-1.0023125786919476
1955-10-31,50.3757,54.65,-58.07315339061885,-57.80578829042569,108.44885339061885,112.45578829042569,-60.23751646319579,2.16436307257694,-49.47168999744803,-8.334098292977657
1955-11-30,61.1078,36.53,-47.36337059438911,-75.98388169105712,108.47117059438911,112.51388169105712,-79.59720509553746,32.23383450114835,-69.59192625522232,-6.391955435834802
1955-12-31,29.9309,25.4,-78.56258779815937,-87.17197509168855,108.49348779815938,112.57197509168856,-87.96792944216487,9.405341644005503,-78.87573394156804,-8.296241150120508
1956-01-31,22.7101,25.71,-85.80570500192962,-86.92006849231998,108.51580500192962,112.63006849231999,-88.00662234354922,2.2009173416196006,-82.47777796319369,-4.442290529126296
1956-02-29,15.5743,21.04,-92.96382220569987,-91.64816189295144,108.53812220569986,112.68816189295143,-57.34257169017661,-35.62125051552326,-83.62694279239656,-8.021219100554873
1956-03-31,415.9745,22.54,307.41406059052986,-90.20625529358287,108.56043940947012,112.74625529358286,-12.40887460823259,319.8229351987624,-81.47396476445657,-8.732290529126303
1956-04-30,463.2637,60.31,354.6809433867596,-52.494348694214295,108.58275661324035,112.8043486942143,18.194501045140022,336.4864423416196,-65.90634387937372,13.411995185159427
1956-05-31,157.5266,188.87,48.92152618298937,76.00755790515427,108.60507381701063,112.86244209484573,46.35554812708408,2.5659780559052905,30.712705577137704,45.29485232801657
1956-06-30,152.9676,467.23,44.34020897921911,354.30946450452285,108.62739102078089,112.92053549547717,65.97602378045664,-21.63581480123753,197.2485407479348,157.06092375658804
1956-07-31,112.7577,345.47,4.107991775448852,232.49137110389142,108.64970822455115,112.9786288961086,108.6433780052578,-104.53538622980895,204.42223306158914,28.069138042302285
1956-08-31,180.6615,208.7,71.9894745716786,95.66327770325995,108.67202542832139,113.03672229674004,117.9605643729162,-45.971089801237596,84.81628251810056,10.846995185159386
1956-09-30,191.4502,99.68,82.75585736790835,-13.414815697371466,108.69434263209165,113.09481569737147,28.430704312003037,54.32515305590531,-5.775382311102314,-7.639433386269152
1956-10-31,120.8563,60.31,12.1396401641381,-52.84290909800289,108.7166598358619,113.1529090980029,-60.23751646319579,72.37715662733389,-49.47168999744803,-3.3712191005548604
1956-11-30,112.3613,34.26,3.622322960367839,-78.95100249863432,108.73897703963216,113.21100249863431,-79.59720509553746,83.2195280559053,-69.59192625522232,-9.359076243412005
1956-12-31,66.3464,30.58,-42.414894243402415,-82.68909589926577,108.76129424340242,113.26909589926576,-87.96792944216487,45.55303519876246,-78.87573394156804,-3.8133619576977225
1957-01-31,38.0012,26.25,-70.78241144717266,-87.0771892998972,108.78361144717266,113.3271892998972,-88.00662234354922,17.22421089637656,-82.47777796319369,-4.599411336703511
1957-02-28,55.6992,26.31,-53.10672865094292,-87.07528270052863,108.80592865094292,113.38528270052863,-57.34257169017661,4.235843039233693,-83.62694279239656,-3.44833990813207
1957-03-31,46.0149,22.14,-62.81334585471318,-91.30337610116007,108.82824585471317,113.44337610116007,-12.40887460823259,-50.40447124648058,-81.47396476445657,-9.829411336703501
1957-04-30,32.5361,27.1,-76.31446305848343,-86.4014695017915,108.85056305848343,113.50146950179149,18.194501045140022,-94.50896410362344,-65.90634387937372,-20.495125622417774
1957-05-31,47.6289,256.55,-61.243980262253686,142.99043709757706,108.87288026225369,113.55956290242295,46.35554812708408,-107.59952838933776,30.712705577137704,112.27773152043935
1957-06-30,193.1209,370.95,84.22570253397606,257.3323436969456,108.89519746602394,113.61765630305439,65.97602378045664,18.24967875351942,197.2485407479348,60.08380294901079
1957-07-31,93.3323,237.86,-15.585214669794183,124.18425029631422,108.91751466979419,113.6757497036858,108.6433780052578,-124.22859267505198,204.42223306158914,-80.23798276527492
1957-08-31,147.814,139.32,38.87416812643555,25.586156895682763,108.93983187356444,113.73384310431723,117.9605643729162,-79.08639624648065,84.81628251810056,-59.2301256224178
1957-09-30,123.8579,84.67,14.8957509226653,-29.121936504948664,108.9621490773347,113.79193650494867,28.430704312003037,-13.534953389337737,-5.775382311102314,-23.34655419384635
1957-10-31,85.9416,61.45,-23.042866281104963,-52.4000299055801,108.98446628110496,113.8500299055801,-60.23751646319579,37.194650182090825,-49.47168999744803,-2.9283399081320667
1957-11-30,92.6811,36.81,-16.325683484875213,-77.09812330621153,109.00678348487521,113.90812330621154,-79.59720509553746,63.27152161066225,-69.59192625522232,-7.506197050989215
1957-12-31,70.3674,26.59,-38.66170068864545,-87.37621670684297,109.02910068864546,113.96621670684297,-87.96792944216487,49.30622875351942,-78.87573394156804,-8.500482765274924
1958-01-31,52.2446,25.88,-56.806817892415715,-88.14431010747441,109.05141789241571,114.0243101074744,-88.00662234354922,31.19980445113351,-82.47777796319369,-5.666532144280723
1958-02-28,62.6086,25.74,-46.46513509618597,-88.34240350810585,109.07373509618597,114.08240350810584,-57.34257169017661,10.877436593990645,-83.62694279239656,-4.715460715709284
1958-03-31,32.7343,26.14,-76.36175229995624,-88.00049690873728,109.09605229995623,114.14049690873728,-12.40887460823259,-63.95287769172364,-81.47396476445657,-6.526532144280708
1958-04-30,56.5487,28.88,-52.56966950372649,-85.31859030936872,109.11836950372648,114.19859030936871,18.194501045140022,-70.7641705488665,-65.90634387937372,-19.412246429994994
1958-05-31,247.6592,178.11,138.51851329250326,63.85331628999987,109.14068670749674,114.25668371000015,46.35554812708408,92.16296516541918,30.712705577137704,33.14061071286216
1958-06-30,235.936,396.44,126.77299608873302,282.12522288936844,109.16300391126698,114.31477711063155,65.97602378045664,60.79697230827638,197.2485407479348,84.87668214143363
1958-07-31,425.3191,258.82,316.13377888496274,144.447129488737,109.18532111503725,114.37287051126299,108.6433780052578,207.49040087970494,204.42223306158914,-59.975103572852134
1958-08-31,312.9012,185.48,203.69356168119253,71.04903608810555,109.20763831880748,114.43096391189444,117.9605643729162,85.73299730827634,84.81628251810056,-13.767246429995012
1958-09-30,233.5007,93.16,124.27074447742224,-21.329057312525876,109.22995552257775,114.48905731252587,28.430704312003037,95.8400401654192,-5.775382311102314,-15.553675001423562
1958-10-31,105.7351,62.58,-3.5171727263479937,-51.96715071315731,109.252272726348,114.54715071315731,-60.23751646319579,56.720343736847795,-49.47168999744803,-2.495460715709278
1958-11-30,103.1866,28.32,-6.087989930118255,-86.28524411378874,109.27458993011825,114.60524411378873,-79.59720509553746,73.5092151654192,-69.59192625522232,-16.693317858566417
1958-12-31,89.2547,27.64,-20.04220713388851,-87.02333751442018,109.29690713388851,114.66333751442018,-87.96792944216487,67.92572230827636,-78.87573394156804,-8.147603572852134
1959-01-31,45.7034,23.28,-63.615824337658765,-91.4414309150516,109.31922433765877,114.7214309150516,-88.00662234354922,24.39079800589046,-82.47777796319369,-8.96365295185791
1959-02-28,44.3159,21.41,-65.02564154142902,-93.36952431568304,109.34154154142902,114.77952431568303,-57.34257169017661,-7.683069851252412,-83.62694279239656,-9.742581523286475
1959-03-31,43.3248,24.15,-66.03905874519927,-90.68761771631446,109.36385874519928,114.83761771631447,-12.40887460823259,-53.630184136966676,-81.47396476445657,-9.213652951857895
1959-04-30,30.6388,35.96,-78.74737594896952,-78.9357111169459,109.38617594896952,114.8957111169459,18.194501045140022,-96.94187699410955,-65.90634387937372,-13.029367237572174
1959-05-31,75.4644,141.87,-33.94409315273978,26.916195482422665,109.40849315273978,114.95380451757734,46.35554812708408,-80.29964127982386,30.712705577137704,-3.796510094715039
1959-06-30,84.9789,359.62,-24.45191035651004,244.60810208179123,109.43081035651004,115.01189791820877,65.97602378045664,-90.42793413696668,197.2485407479348,47.35956133385642
1959-07-31,33.5555,402.1,-75.89762756028028,287.0300086811598,109.45312756028028,115.06999131884021,108.6433780052578,-184.5410055655381,204.42223306158914,82.60777561957067
1959-08-31,29.8743,232.48,-79.60114476405055,117.35191528052835,109.47544476405055,115.12808471947164,117.9605643729162,-197.56170913696673,84.81628251810056,32.53563276242778
1959-09-30,60.5414,152.63,-48.95636196782079,37.443821879896916,109.4977619678208,115.18617812010308,28.430704312003037,-77.38706627982383,-5.775382311102314,43.21920419099923
1959-10-31,115.5044,87.5,5.984320828408954,-27.744271520734515,109.52007917159105,115.24427152073451,-60.23751646319579,66.22183729160474,-49.47168999744803,21.727418476713517
1959-11-30,94.6915,58.33,-14.850896375361302,-56.97236492136595,109.5423963753613,115.30236492136595,-79.59720509553746,64.74630872017616,-69.59192625522232,12.619561333856367
1959-12-31,35.481,40.49,-74.08371357913157,-74.87045832199738,109.56471357913156,115.36045832199738,-87.96792944216487,13.884215863033305,-78.87573394156804,4.005275619570668
1960-01-31,17.8962,33.13,-91.69083078290183,-82.28855172262882,109.58703078290182,115.41855172262882,-88.00662234354922,-3.6842084393526022,-82.47777796319369,0.1892262405648637
1960-02-29,19.4537,28.15,-90.15564798667207,-87.32664512326025,109.60934798667206,115.47664512326025,-57.34257169017661,-32.81307629649545,-83.62694279239656,-3.699702330863687
1960-03-31,17.4715,36.53,-92.16016519044231,-79.00473852389167,109.6316651904423,115.53473852389168,-12.40887460823259,-79.75129058220972,-81.47396476445657,2.4692262405648933
1960-04-30,16.622,58.33,-93.03198239421258,-57.26283192452311,109.65398239421258,115.59283192452311,18.194501045140022,-111.22648343935259,-65.90634387937372,8.64351195485061
1960-05-31,76.3139,97.41,-33.36239959798283,-18.24092532515455,109.67629959798283,115.65092532515455,46.35554812708408,-79.7179477250669,30.712705577137704,-48.953630902292254
1960-06-30,107.151,274.39,-2.547616801753094,158.680981274214,109.69861680175309,115.709018725786,65.97602378045664,-68.52364058220974,197.2485407479348,-38.56755947372082
1960-07-31,89.2264,379.45,-20.494534005523334,263.68288787358256,109.72093400552333,115.76711212641743,108.6433780052578,-129.13791201078112,204.42223306158914,59.26065481199342
1960-08-31,53.8303,184.06,-55.91295120929359,68.23479447295115,109.74325120929359,115.82520552704885,117.9605643729162,-173.8735155822098,84.81628251810056,-16.581488045149413
1960-09-30,81.8074,103.07,-27.958168413063845,-12.813298927680279,109.76556841306385,115.88329892768027,28.430704312003037,-56.38887272506688,-5.775382311102314,-7.037916616577965
1960-10-31,95.3428,57.77,-14.445085616834106,-58.171392328311704,109.7878856168341,115.94139232831171,-60.23751646319579,45.79243084636168,-49.47168999744803,-8.699702330863673
1960-11-30,67.0543,36.53,-42.75590282060436,-79.46948572894314,109.81020282060436,115.99948572894314,-79.59720509553746,36.8413022749331,-69.59192625522232,-9.877559473720822
1960-12-31,34.9713,26.39,-74.86122002437462,-89.66757912957458,109.83252002437462,116.05757912957458,-87.96792944216487,13.106709417790256,-78.87573394156804,-10.791845188006533
